id,anomaly_score,anomaly_percentile
b209e93e-d8b7-4083-9599-bc195eb6d385,-0.6462194904350338,0.9980353634577603
e329bf8f-48f1-4fbc-82f6-156158478d11,-0.6335354996148667,0.9938650306748467
c6dbcb9b-1da1-4f98-8873-dbffdd79a22f,-0.628656515858082,0.9877300613496932
0515e15a-fdea-4c3d-9662-092d5137f252,-0.6244351187048122,0.9871794871794872
eba1fa6a-8103-4c53-95ac-224fd93f3146,-0.6242467217626613,0.9743589743589743
848ed066-1a37-4f97-bd88-815e50a7afb0,-0.6217126340361714,0.9852941176470589
c93cc737-9f6a-44d9-a715-e1cf5beea1d0,-0.6154521065840975,0.9960707269155207
c5d96842-86ec-4161-866d-8bddc639d6ec,-0.6112526736299405,0.9705882352941176
247b5695-5611-49f0-b004-ea0e64459e8d,-0.6105154412468484,0.9815950920245399
7bb223a0-1554-4b5e-a9ed-54f4a62a5d57,-0.6060156389918298,0.9941060903732809
18787633-748d-4aa5-ba7a-0d023a5f85b1,-0.6043015051146903,0.9861111111111112
60ba16e8-dce7-46bf-973c-5c3aeb4a9e5a,-0.6026531391621258,0.9615384615384616
fcd2bd7b-e77c-4a43-932f-068d48c124b6,-0.5950678150150349,0.9921414538310412
7902fcd0-5a22-42fb-8919-64f3728f7f1f,-0.5933698763531381,0.9901768172888016
8f974d71-28fc-44e0-ad7f-6cd1f748a937,-0.5925482195455677,0.9882121807465619
0357afcf-425c-41cc-91cb-72101d53ae25,-0.5894471865489874,0.9862475442043221
4484c7b4-d853-49ce-be16-b2858366f490,-0.5834618004313261,0.9981060606060606
bd659c07-133b-478a-b071-6b6f4657d0bf,-0.5834196307072589,0.9842829076620825
5719e291-8d6e-408b-94c9-16f2e45f29a9,-0.5822330179869145,0.9879518072289156
a6a170ab-68bb-4a35-b626-c6cf83eed358,-0.5781248593856562,0.9565217391304348
dfd32482-535e-45a2-839f-eaacef216fec,-0.5778445134437691,0.9722222222222222
a663f9c8-71d2-4ebd-a1f9-7e903694227e,-0.576928658659585,0.9989429175475687
1e41b09e-8bf3-4d08-b4c9-8f5089ba34de,-0.5742536682105148,0.9976905311778291
7328e525-9924-41ea-80de-ef1115900d00,-0.5724766137728243,0.9558823529411765
32ddcc2f-2842-4d88-ab5f-f067283275dd,-0.5718077843831086,0.9759036144578314
b25ff44f-8228-459a-b423-733b0cb8a41a,-0.5715371656001832,0.9982638888888888
dc3c9670-e751-4759-b39d-ca461697dbf3,-0.5696181469740559,0.9923664122137404
effa8d36-ba57-49ac-9ff8-b5c413d7347e,-0.5692656780200823,0.9847328244274809
a5406f14-9bb7-4963-8802-ace5e45fca3d,-0.5685779017641573,0.9965277777777778
d1ac000f-844b-4ef8-9e4a-6d2ff1825c56,-0.5683273946863336,0.9487179487179487
49df94b1-095d-4e92-957a-b4801a612c1c,-0.5680983439446804,0.9947916666666666
db3d566b-184c-4057-9cd6-33414f6ce9da,-0.5679829918715663,0.9978858350951374
ba540f1c-1e17-4557-8b57-56f0e5b2f680,-0.5662262701441223,0.9823182711198428
21447c54-ed61-4ab3-9c8a-008cd446b26b,-0.5651722833179711,0.963855421686747
e373b277-ac5d-42e6-a5a8-51e43501c663,-0.5651469799081177,0.9803536345776032
0374aa98-faca-4aa4-afe8-d29f93b42041,-0.5645502099356919,0.9930555555555556
5d246493-edc9-4ad2-bd43-e93bdf1f14e0,-0.5644558998606886,0.996
f013ca12-d1de-4d05-bedc-5b3497a6c567,-0.5638046501131259,0.9968287526427061
55ca732e-a64f-45b0-81cd-3e6c8a6856b3,-0.56374482101506,0.9913194444444444
141bb9da-084c-4e59-87c9-ecedcfcfd43c,-0.5630286119349273,0.9953810623556582
e045936e-cb1e-4223-bad7-14d6399c6cfc,-0.5629525048313988,0.9930715935334873
496e58db-365e-412a-83d1-06e1d585402f,-0.5612271981892145,0.9583333333333334
29b317d6-83e4-428a-b78a-27275e4bba5f,-0.5585285740302368,0.9754601226993865
1fd6b664-1ed5-4c3e-8ddb-df0180226720,-0.5572236046527536,0.9907621247113164
1263632f-5a88-4029-b2d1-bf4e006714f4,-0.5568324199753941,0.9895833333333334
27d45245-4921-42f2-b826-0b7592e25abb,-0.5563843741538027,0.9950980392156863
d57e9938-16a5-4497-84d1-01f502f409ed,-0.5562118208331249,0.9962121212121212
a3fce7f4-5b26-4226-a23f-f595d126bafe,-0.555075644319987,0.9878472222222222
7643cabe-ddbe-4a83-b02e-3e9fdbe86caa,-0.5548258722784707,0.9884526558891455
da88fe20-22f8-433d-ae57-651cc84fc987,-0.5543802919564051,0.9970845481049563
68f9da3a-8d57-4c18-9d94-f64e20201609,-0.5541612821887049,0.9974358974358974
f2540383-592d-49f3-b03c-71f4d8035c3a,-0.5528394158120102,0.9583333333333334
f3a0a8da-db1f-4582-a1a0-63e2abdc4916,-0.5525999476424073,0.9943181818181818
d2e28e79-b1d5-4db2-8ed4-aa146a9b26d7,-0.5520789443733771,0.9444444444444444
5024cda1-6203-4e5d-93a0-7872f6e03a77,-0.5510702163560198,0.9861111111111112
ce663cfe-ec69-489d-9ca5-18ce3eb45e3f,-0.5509955343852696,0.9861431870669746
b358334e-9021-4a74-844a-0ba7fcce7a54,-0.5487176829081821,0.9166666666666666
51d17e79-cef4-4d9d-8d81-2b162c68a603,-0.548572257594667,0.9791666666666666
f9b0ed41-e16c-4c50-8cb4-3663f2789f42,-0.5482282596367261,0.9901960784313726
ddeaa40a-12d1-4867-9089-3dc3e586f3f3,-0.547557744936715,0.9957716701902748
27808936-d513-47d6-9137-fa1cb98cc864,-0.5460495778098857,0.9948717948717949
a3f47a4d-f181-42b0-a1db-f85a405884d1,-0.545259646190808,0.9411764705882353
25412cbb-9758-41f9-9ccb-52514fc53512,-0.5449448204119642,0.9863013698630136
95fafd9a-b770-42e3-8725-6f4ea53fa3cc,-0.5444287609179775,0.9947145877378436
089ff545-d038-42fd-bba3-b6898ab0cd8e,-0.5432283864938815,0.9814814814814815
6bde1ee9-ef9c-4988-9d73-c6b4fbe208d0,-0.543014703770249,0.9783889980353635
91bbb751-680c-455d-8d4f-7c2b65739754,-0.5426892638443549,0.9903846153846154
3e373a9f-7293-456d-a7e5-80898e8903d1,-0.5416585808825415,0.992
22dcd186-9078-4c05-9348-a0b22696ef7e,-0.5414274513223469,0.9583333333333334
604ecbb1-684b-4841-8336-e541d3ecb099,-0.5413421248982715,0.988
6419fdd5-c23d-43b1-8593-967fca0dfb55,-0.5412029650796588,0.9924242424242424
f145cdae-780f-43f2-8264-fdc0fb7815f9,-0.5411357851632502,0.9852941176470589
11b54cf6-ca55-4d25-8c94-549e129408d9,-0.5411241564923301,0.9764243614931237
7ce3c902-fad9-4a01-9c29-371fe5d0f16b,-0.5396495788464831,0.990530303030303
4652cbfb-2dd0-4aa2-b7fe-67343b8944ea,-0.539494163962476,0.9803921568627451
21931ca6-4b80-4cc9-bb53-f584f0e6374f,-0.5392472474637954,0.9744597249508841
6e1feef7-0ddd-47e9-a521-3aec8f3ed26d,-0.5385410258953073,0.984
331859a0-8808-46ff-a68a-d85334fdfc6c,-0.5385188359207409,0.9936575052854123
e58277bf-050e-4e58-99a6-7ed48dae596e,-0.5383451828632707,0.9838337182448037
72a448e1-0486-457e-9c1d-1fa0315b7882,-0.5382885841303031,0.9724950884086444
16aa17f9-e0aa-4edb-abc2-7f2721f2fbd3,-0.5381369994263612,0.9705304518664047
09b0d27e-963b-4837-b7dd-4a3d4bd1b8f7,-0.5378878527672751,0.9754901960784313
1a761035-d095-4c10-ac02-634b0cf827f4,-0.5376824142182599,0.9770992366412213
cd7323e9-466b-43b8-a137-590f45b8ed88,-0.5371599494137543,0.9923076923076923
7b33fb3c-53e5-4b5c-b1c8-ae1c2179ce76,-0.5369091470034185,0.9815242494226328
b84f44cf-40ec-4c17-943e-05ecdcfd650a,-0.5368393465924522,0.9694656488549618
7f0c04ef-2909-4662-b13e-433372b3b76a,-0.5366934344974339,0.9264705882352942
9fd9e960-d98e-4094-9b88-8d8db6144931,-0.5365819669591886,0.9941690962099126
1e6894bd-7c35-4751-9dab-a8fad5e86251,-0.5365584999838771,0.9792147806004619
8d743edb-bb1f-4686-b17d-6453e6987fba,-0.5351455499066885,0.9117647058823529
d7a05466-eb83-4b82-a250-074f768ab7fd,-0.5348339173486643,0.992600422832981
9ce233ba-d0c2-4cf5-9c0e-12f2df46788e,-0.5341070964380921,0.9915433403805497
837c385c-48f7-463f-bd7e-697e05fed25f,-0.5339426749179578,0.9685658153241651
8bbc30fd-e7d1-41c0-9c52-c819b922964f,-0.5337265775659127,0.9666011787819253
734053c9-b6ee-4aec-9e82-37bba1b5026b,-0.5336483420018088,0.98
7a4a90dc-ff8e-4e7a-b9b6-2773a1718f31,-0.5325835973320375,0.984375
9ef3eeb4-a49d-48de-942d-568a782b1faa,-0.5324159467502624,0.9826388888888888
0a553411-cd37-494a-afaa-c526641a2887,-0.5322427624078834,0.9809027777777778
d76e90ed-2754-400b-aecc-b729853b75e9,-0.5321180296697336,0.9791666666666666
de87fa85-58f2-42c9-86d6-1cc2e13ea766,-0.5319173979277031,0.9774305555555556
973699a7-047b-4f11-8b89-90890cccce0a,-0.5315235703740253,0.9756944444444444
de4a638a-28b1-4245-8e99-2de56dd8efa3,-0.5312711186906165,0.9618320610687023
776be571-f32b-4d28-b898-63956981ec09,-0.5311103075493016,0.9904862579281184
ebad7c49-cbf9-4fe3-ba7f-d84c9d2e9518,-0.5305635324886658,0.9894291754756871
9f1d63a2-567b-4ed0-be99-2c4cf54a6ebd,-0.5304624457981589,0.9518072289156626
9a3e313f-ed76-4a99-82c6-36fa992c42d5,-0.5303246399020138,0.9883720930232558
f562ae0a-3c1c-447a-8f15-e9e7558ce497,-0.5297961433419469,0.9739583333333334
dbe6f613-9691-4f5a-a539-8223fb253463,-0.5296829227343319,0.976
3885088a-c0be-4e6a-951e-feaefe45edab,-0.5295036342382162,0.9722222222222222
529ea02d-c8ed-457e-ba3a-5da5548f5335,-0.529464452969312,0.9375
1fa8eb92-139a-4886-bcd0-5cc0fc783272,-0.5288591379209767,0.9897435897435898
032fdb45-f566-476c-852f-30099b0987c9,-0.5285679051273965,0.962962962962963
856c8f8b-c270-42fc-b53c-fbfad7352e5c,-0.5284154962605581,0.9871794871794872
d69c879e-4b7b-48e6-98eb-622bb133bd09,-0.5282120787718746,0.9397590361445783
522fd818-94b4-42ba-bfb9-0953a631aaf0,-0.527750638669155,0.9807692307692307
c7a00c56-eeb9-4e82-90fa-2a550c947628,-0.5277146560922131,0.9726027397260274
d940650f-0ae3-4809-aeba-e555cdbd9099,-0.5276570601226728,0.9873150105708245
a65631af-59ee-4df1-980a-e8c2422aecde,-0.5275956845411819,0.9862579281183932
fc9c513d-3f65-474a-bf85-b86289b228d2,-0.5273181859542457,0.9693251533742331
02020a1b-bc9a-4a5b-ba01-3f966c0fd1ba,-0.5270849931479887,0.9646365422396856
b08e836a-644f-444d-9ee0-207e98a2c44f,-0.5270586530897128,0.9704861111111112
e5eaf5a7-6834-4401-b722-19c0bf400249,-0.526883958309312,0.96875
c39c8913-3eb8-48b6-9132-5d356c96572d,-0.5266564584083927,0.9886363636363636
ff2d8f53-9f65-4b9b-98fe-3cdbe71b5b34,-0.5262230774397357,0.9631901840490797
87f89e9e-1824-4230-b769-ee301e3ec87d,-0.5259809087245656,0.962671905697446
a10a4766-2b73-43ba-892c-d400ecade927,-0.5258850627938544,0.9305555555555556
d8f2a024-26ba-4fea-8d48-fb64970df029,-0.5256993967434879,0.9607072691552063
419fdad5-da30-4c2c-b3d2-9030723091c6,-0.5251455035854719,0.9912536443148688
d5f4a868-ad26-4a3b-9072-148be05e3468,-0.5246956655881798,0.9867424242424242
f406cdc0-faba-498e-ac5b-2759b0d009a2,-0.5246880144062903,0.9661458333333334
40920d1a-3744-45a9-b5e4-3c542a4f128f,-0.5246880144062903,0.9661458333333334
2a81578e-45a6-42e1-a588-d1b2b51e1593,-0.5244478492935707,0.9587426326129665
cd442f25-013a-486b-80a3-f62b08dec937,-0.5244415344942133,0.985200845665962
b90a635b-ef1e-48a8-8252-144da6c94879,-0.524358161360231,0.927710843373494
ba5dd66a-4371-4b59-8595-caa45c362388,-0.5241200600729629,0.9841437632135307
90d75de7-3394-4c15-816b-35ee24d67ac5,-0.5238231089520042,0.9830866807610994
63a9cfb1-3624-46e9-a976-ac636a67026b,-0.5238131348051727,0.9846153846153847
cdec0f45-d6dd-483a-8dc1-e08a4c3219b4,-0.5235602946562493,0.9156626506024097
39a47eea-97be-4a3e-bda0-22681eb9430e,-0.5234285469906557,0.982051282051282
7cd676fe-e395-445c-a227-f06d61a46c8d,-0.5233310279561655,0.9036144578313253
f25339bf-d264-4101-a917-44b3a63a6ab4,-0.5226593274985202,0.9166666666666666
09f5a4b9-90f0-46ef-870e-ac2a9b29d642,-0.5221840205412696,0.9848484848484849
b61584ab-7855-40a9-b88b-82484d39f3d6,-0.5220826162725763,0.9570552147239264
8d614113-5104-44b7-8da2-d434815b2b97,-0.5220220965814829,0.9444444444444444
396c7c15-cfda-4a4c-bc66-0a4e18c50f2b,-0.5219131430328382,0.972
b84feb9e-1c42-4479-8cd6-ba09eaef17f2,-0.5217224883104506,0.9541984732824428
026d6995-937d-41c2-8bc8-f6a5cff07fae,-0.521699498711166,0.9635416666666666
5ac0e860-d92c-4a0f-8971-a366c688a07f,-0.521645393012728,0.9829545454545454
f6298c79-a4e6-4dab-979b-6724757c849b,-0.5216141063041687,0.976905311778291
d44c6414-041e-499a-9ecd-9a52ec2018bf,-0.521015386334618,0.9589041095890412
3b7dc074-d8f3-4b14-9b36-381ac12b4b53,-0.5209053140018147,0.9567779960707269
d0901b10-3f72-48d6-a7e1-785c149ad61e,-0.5208840454352123,0.9130434782608696
cf301471-d857-4cb1-bc72-509c7bf6ac2b,-0.5206456007489313,0.9711538461538461
82f5b9b6-21db-4536-9639-ef48a71226cf,-0.5204058209199496,0.9452054794520548
11b14863-5d84-4ee3-bc97-3306887029f4,-0.5201595103105309,0.9820295983086681
f0741bf6-1cd1-4239-ba60-4234590d1419,-0.520141309390348,0.9745958429561201
73b3c465-205b-4342-90be-65af766fa95b,-0.5197833959704691,0.9722863741339491
4fc83e7a-cba7-426c-8270-d7714b221be6,-0.5197690504912127,0.9699769053117783
720be35c-3e0c-4fb0-94c9-58d1430a1cb2,-0.5193805695618064,0.9810606060606061
776ddede-5b2a-44ab-8022-222ac47013e7,-0.5192441128074989,0.968
be05e8db-2521-4307-bd47-266060219c93,-0.5192271801269149,0.950920245398773
ebbf01d2-c3d9-4840-958d-ef375476874c,-0.5191178160418862,0.9615384615384616
65905aeb-ce02-402b-8b60-77f145443025,-0.519096857400515,0.9705882352941176
0bb71dc7-7491-4521-8ff3-8c7c3f32232f,-0.5185899654380457,0.9809725158562368
94c87170-24bb-40eb-a74c-6ecaeb985c4d,-0.5183934479939539,0.9548133595284872
50a93145-fe4b-40c7-90cc-e26b3e30037b,-0.5179863934056366,0.9676674364896074
46eed22f-3787-42a2-ab4d-125e9b4572a8,-0.5176959729195559,0.9618055555555556
42c3daa3-0df3-4e29-8102-629e6806a386,-0.5175132504877762,0.9794871794871794
26a68ada-e803-4e32-8c2b-7205f312c0f7,-0.5173793972172915,0.9315068493150684
03893e29-63f0-45b0-818e-33890f32091b,-0.5173504814537532,0.9883381924198251
177bb135-5f56-4826-99de-e389a5930bfa,-0.5169983264944134,0.9799154334038055
06438d05-7f43-4232-9a24-c1368e43a72b,-0.5168461981779524,0.964
28ddd84d-f985-4701-9c92-a23c829ffc55,-0.5162112802352802,0.9447852760736196
be9b94e7-9336-4ee7-9c8a-56e35f2326fd,-0.5161477452216308,0.9528487229862476
26e41cb3-f288-4e6d-b834-aa88df6d07be,-0.5160145998050293,0.9656862745098039
7ca1d474-5d30-4c4f-8821-97f3ef913e74,-0.5157289910401627,0.9854227405247813
7e4a896c-b085-476e-8401-e4ab8580989a,-0.5157045789373939,0.9386503067484663
1d35368c-a0ae-4e4e-a40e-832e914ca482,-0.5156694592982487,0.96
14b59b02-cf3e-4433-a5cf-2e539a3b0522,-0.5156638617262828,0.9600694444444444
39af081e-5398-47c7-9350-9d9c758be7d8,-0.5155963338460536,0.9508840864440079
2c798db8-88b7-4351-bc49-ce77b5d80090,-0.5154656189098058,0.9607843137254902
388c78e2-3503-4698-a7f1-4310bb92f66b,-0.5148129277978601,0.9653579676674365
9d7f5d5b-e347-4fdd-b0b5-3cc6a74c06b2,-0.5146670877993433,0.9788583509513742
5024e15f-cc5b-4271-8b63-fd65ed41562f,-0.5141594536838473,0.9630484988452656
c441c58a-a1bf-4fbe-acf2-57a0b87d60ee,-0.5140675809588853,0.9489194499017681
907a81da-c9f2-4568-8b73-6c8505e44ed1,-0.5140463408062445,0.9778012684989429
664deac3-d8fc-4934-8ca5-54084a3d342c,-0.5139327336392309,0.9825072886297376
52b9a6c0-916c-4819-8965-9663483c4104,-0.5135562074119552,0.9583333333333334
d687ce71-912f-43a7-b127-3b8819841a34,-0.5134936102747413,0.9565972222222222
1a76cd15-7532-45dd-bd29-d017f424c907,-0.5132078768619748,0.9767441860465116
efba730f-6dd0-409e-ad75-36971c4b52a8,-0.5131916130209178,0.9795918367346939
cee236cc-21a0-495a-884a-f82cecb311ad,-0.5130876600086927,0.9766763848396501
ddbc9bcb-1e8a-4caf-87b0-4d7553b04039,-0.5130380811141897,0.9178082191780822
a9c15026-ce07-4b9b-a08f-a93a04afeb34,-0.5130098487072494,0.9469548133595285
23c2140f-6339-4cca-8ae2-28dc30b438f7,-0.5129372604926239,0.9791666666666666
20ad2238-a420-4c84-9356-050e3fc5f34d,-0.5128010445379735,0.9607390300230947
f4553938-8039-44fb-805b-98c223671b0b,-0.5124539362221904,0.9449901768172888
50b49445-3368-43cd-a064-e14dd23ba5ed,-0.5123804974409989,0.9558823529411765
f50e6fea-194b-4b39-95dc-bcef4f539460,-0.5120448434773313,0.9584295612009238
3b7fdbb8-f91c-423c-9f9a-e68782b264e3,-0.5112626450279841,0.904109589041096
ee0ca619-bbe1-4573-bafc-14dad6c0b1a6,-0.5110730968090099,0.9756871035940803
33d99949-87f7-432a-a54c-5250246ba8fb,-0.5110168296384658,0.9561200923787528
b51b3374-871e-4799-ba60-7ffc25016d81,-0.511000764414699,0.9772727272727273
9379da8e-b51b-44da-ad10-85fb8aa69f1d,-0.5109392227532198,0.9465648854961832
354d796a-8a8b-477c-b57b-3eb17bce6228,-0.5105708292758088,0.9746300211416491
13ed92f2-0c1a-472a-8c1b-faeec5b0c68b,-0.5096634458000548,0.9259259259259259
27d5ef7a-e231-47e3-aa87-090aab267e77,-0.5096332406975633,0.9509803921568627
5675b31a-761c-4b53-804c-33644836930b,-0.5095040138311954,0.9735729386892178
35ae52b5-6d6f-4feb-9014-4e259baf36b3,-0.5094786158172199,0.953810623556582
319e6be5-df7c-41b9-8283-54f7159cb9a0,-0.5094347652441238,0.956
a03d269f-62e4-408e-a054-f822fac1acff,-0.5093835013981922,0.9074074074074074
8bccb646-ce35-4363-a4e9-ce5171158b57,-0.5091701177410209,0.952
723491b3-3e57-43bf-b226-d3f3bed094c7,-0.5091190467556973,0.9753787878787878
8e01592c-c3da-4ec3-a496-63fc01bcf935,-0.5090692018832236,0.9430255402750491
99be3d5b-c964-4bfb-ae18-27cac762a507,-0.5089872761775219,0.9734848484848485
a1492042-bd56-450a-b1d9-1c12712f88f9,-0.5088936745676144,0.9519230769230769
f3290bd8-8d60-47df-bfa8-02a82f4e2586,-0.5086634597743017,0.9725158562367865
ccab2da4-4623-477a-8acc-002081ab2416,-0.5086094725128226,0.9548611111111112
08607929-b590-4c30-8d37-50316cc00b8c,-0.5083007071689414,0.9737609329446064
90dfe570-60a5-4199-8b73-f90efa112989,-0.5082899857033404,0.9410609037328095
40975041-0cd9-4ce4-b8ed-a77dbce8bcea,-0.5079780858342633,0.9714587737843552
670190ac-2c93-4121-9677-34be048dfb2f,-0.5079619982232322,0.9389312977099237
dda246c6-00d8-4515-a2bb-ef8316221c0d,-0.50794647391541,0.948
225d0b93-3cd3-429a-b215-9425c38af4a8,-0.507805741748893,0.9390962671905697
fe91ff58-e909-49b7-8938-f8fd5095887c,-0.5077747837020589,0.9708454810495627
bab083ba-53a7-43d1-ad34-c75798cadc95,-0.5074324692138448,0.9715909090909091
e5b04801-1605-4eb6-a7b4-5ff01dea4c56,-0.5073960119654042,0.9704016913319239
c203afc2-ab35-4952-a0aa-00772b8b7a9a,-0.507258526150928,0.953125
1144036e-a4a1-4755-a71d-8ed6de5c6edc,-0.5070587813277398,0.9325153374233128
95b2ad7f-3e20-4cab-9344-76c974ed6cfb,-0.5069774319395037,0.93713163064833
2bfc27a0-af02-4eb1-b6cb-22c6577c1c42,-0.5069656124926164,0.9515011547344111
723bb8b6-6ba0-4788-a685-e1a1fda3707b,-0.5069188228102338,0.9693446088794926
0925fd0b-fe9b-43de-b7eb-ecc878dbd896,-0.5066918885363118,0.967930029154519
6a8598b4-ced8-4479-b647-5f67f6533b8d,-0.5063202113571887,0.944
31813eae-07e0-440f-a886-d430420e51fa,-0.5060670073849716,0.9351669941060904
9fd6f558-631c-43ac-b2d0-ccaea4338184,-0.5058580006874903,0.9513888888888888
c5822171-e03c-4edf-baeb-2b070ebe40e9,-0.5057666355649226,0.9496527777777778
135cb657-59e9-48dd-979f-1fae00e61f95,-0.5056636806783434,0.9332023575638507
e00fc9bf-7f38-48a6-abc1-9444e060daad,-0.5056630561165638,0.94
54c581a7-c369-48a4-b7f5-4b81e63d2682,-0.5056337877977015,0.9650145772594753
cf42d320-9e52-4a22-9b33-ea99fbc1c818,-0.5046898216558875,0.9423076923076923
79a56064-aecb-4793-9c76-f74abcb4023e,-0.5045810511791659,0.9696969696969697
c49ac13f-af74-47ec-8985-ec2816a25907,-0.503918803058212,0.9479166666666666
4fabb67c-d088-42bb-ad33-c88407af5224,-0.5036792822990136,0.9461805555555556
86cb1128-b5f3-41ff-87bc-5c0483c1d4fe,-0.5036720607357856,0.9491916859122402
92240196-ba10-4f4d-91aa-9cffd65a3f3f,-0.5030636768624692,0.9682875264270613
bd2b03da-212e-4800-aed3-dddf8a112bd8,-0.502848996093816,0.96723044397463
b0f637f8-12a2-49cc-b4d1-7dc1f2209e46,-0.5025770005842701,0.9661733615221987
91bb4c3b-e7a6-4403-8579-140efd6f8713,-0.5024914519262698,0.9651162790697675
d39a6c03-94da-4f70-a14e-f9c06c5f4a3c,-0.5022230968840131,0.9359999999999999
e15f21e5-971d-41ac-bb7c-6c136b1cf4a3,-0.5021014819561771,0.9620991253644315
25c9b098-dc84-45e7-8ad4-c0d442b97c5c,-0.5020577085322374,0.9640591966173362
797e55c4-323d-44fa-99d0-a4ff2f232452,-0.5020543355265551,0.9769230769230769
2f53e74f-e023-4aa1-9060-6bd0cfecb355,-0.5013537896485308,0.9444444444444444
b647dc32-dca5-4abe-b3dc-3795968fc89e,-0.5011111944457415,0.9630021141649049
20c740f0-b857-4fef-ab2e-af3508f32f3a,-0.5010045564165498,0.9619450317124736
6bf5831a-87d2-4555-be0d-467989740bf4,-0.5009372265917158,0.9358974358974359
a6c0a0c2-93bd-46fe-a073-f0c8b77a80c5,-0.500568766504961,0.9166666666666666
18bc5edc-676d-4047-86b3-02a442178947,-0.5005287618118297,0.9427083333333334
3c7d2761-6400-423f-a0d9-1b300b4e33d5,-0.5004498539260577,0.9678030303030303
8c8b2406-9cec-4ac2-ba54-d41dc9ad908b,-0.5003773604285271,0.9743589743589743
193eecc2-2b2f-4b18-99ad-bdd7ec96115c,-0.5003645199461354,0.9659090909090909
38fb4a7e-cb9f-44ac-b3c4-a6450f21519c,-0.5001042523484834,0.9608879492600423
9e415c78-5e92-4c9a-a158-1e1146963fab,-0.49982175798376766,0.9409722222222222
f919b70f-7966-4705-ae4c-4f13d2f8dbe3,-0.49949499564736694,0.9319999999999999
a3e3d66c-66bd-44d3-96ad-2b3dc236a583,-0.49944739868657445,0.9326923076923077
b63ce0fb-78a6-4a25-93d3-00ab11db4407,-0.4992917461891131,0.9392361111111112
cdcb5a10-a690-4c18-9c6b-389d251301f5,-0.49915326378115815,0.959830866807611
bb6147bc-2c3b-4244-b619-5b238adee175,-0.49872225031550743,0.9027777777777778
d8a65147-48be-48b3-90a7-9266f28f6be5,-0.4983715989109814,0.9587737843551797
cb4cc4ad-0db4-4dcb-bced-b4c9e1f40b50,-0.4980240372869872,0.9717948717948718
db177620-e94d-406a-a47d-6827293cede6,-0.4980117736838742,0.931237721021611
6daebefa-9e48-41ee-8dc9-bc791d959193,-0.4979151959755687,0.9640151515151515
c9cd7cc6-047a-4460-beea-61c47cdcbcb2,-0.49757074392230594,0.9591836734693877
29ff692f-3580-4f6e-907f-228a51665983,-0.49743317770641293,0.9263803680981595
37643f2a-83ad-4ed7-8979-81cb8919aee7,-0.4973830096427102,0.9577167019027484
a7c69aba-8801-4316-b4bf-bd83a3434ed6,-0.49723376533386837,0.9230769230769231
30b00a10-7f23-466d-9c27-87c9e8496a9e,-0.4972325231439594,0.9621212121212122
3f905022-7f58-4bf9-b0e2-46da0b024c2d,-0.49721900565543387,0.956268221574344
569fa12c-8c92-46ac-8e6f-942666dff678,-0.4967608274503368,0.9692307692307692
b22c3095-231f-44d3-9b21-a4a6a03d1245,-0.49653504060550907,0.9566596194503171
a79a3981-4cbc-452b-9649-94a230ea4a07,-0.49633255668603604,0.9556025369978858
ebd99a63-1b79-4378-8b1e-f78858810e86,-0.4960847744150471,0.9202453987730062
d07afdd3-e8ce-4a11-bd3f-436f371cd301,-0.4959750342837661,0.9666666666666667
e7b778ca-1dfb-4137-8ec6-99a918e06069,-0.49592859853340915,0.9533527696793003
75a7db3e-a27e-45dd-b345-40075acbdd66,-0.4958849011480559,0.9375
c4087be9-00f7-4f07-93dd-284ab0669dd5,-0.49562283873561924,0.9312977099236641
e43801a1-0cbb-4279-b8fa-4f2f26d63de8,-0.49534959346446533,0.9545454545454546
2c9c7953-4512-4bce-99dd-875d4f3d0031,-0.4953103794763254,0.9230769230769231
e12605e9-0d1f-4a89-b4a7-c13a1cade3eb,-0.49525189200157044,0.9357638888888888
b3978d18-f788-4ff0-982a-ea7496cc01e2,-0.49503566852714753,0.9641025641025641
27c51e5d-69fe-481f-859b-181c86060327,-0.49497297567814275,0.9292730844793713
9f5ee910-1274-4296-9d4d-5250796c85e8,-0.4948217875915216,0.9273084479371316
d73c34c9-1f7d-4e6e-8d85-12949f0cb8b4,-0.4945055876273763,0.9468822170900693
43fe943b-4e2a-45bf-ae6b-5e03e8a7c066,-0.4945053050098909,0.9236641221374046
9bda1800-ae1e-41d9-8c1b-f7b46eb98242,-0.4941216179916252,0.9534883720930233
9e37ad09-4aab-4b10-9e8b-75ebf3c4205d,-0.49398477397017126,0.9602272727272727
d4225266-ad9c-44b1-82d6-e0f3a0eea5e9,-0.4936431127643427,0.9615384615384616
60e327ab-9e36-4c0d-8466-e0d1d91ab8a6,-0.49362137680775575,0.9141104294478528
9c237857-c109-45e7-8c07-e7697f04693b,-0.4935323824981021,0.9445727482678984
7a90f942-c805-4e56-8b0c-93d52a714730,-0.4934777747181526,0.928
0f03a5d2-4f0e-46b2-a342-b34df70e6fb3,-0.4934197000275347,0.958974358974359
9b1e310d-ddb3-4b36-95cf-d95466c1ee18,-0.4934160173539266,0.9564102564102565
5928734a-6599-4dc4-8099-72bdf7871774,-0.4933648080955341,0.952431289640592
95ad7dbe-7fa5-4cc3-8362-a463a1ea7c4c,-0.4931280219434701,0.9513742071881607
a9f02438-f1e9-40ee-849b-4c49fe46b77d,-0.49306796436959177,0.9503171247357294
f022a463-2327-4163-affb-73c75a796482,-0.4929410106924843,0.9538461538461538
db26c631-1489-44d9-9972-e1381daad471,-0.4928484513394537,0.9492600422832981
02f67fd5-367a-49a7-8600-f4057932bd05,-0.49259627477999457,0.9512820512820512
4c70851b-5814-4498-8b0b-ab81401fcdec,-0.4925005957676327,0.9583333333333334
df04e539-d71e-4368-a757-1f62ee6007ad,-0.4923408467711332,0.9564393939393939
130678e4-6097-4969-a227-b52886565db9,-0.4922325194618694,0.9482029598308668
054321df-a1d6-4226-a825-d3b9a377e6a7,-0.4921646743984537,0.9471458773784355
eade78a7-036c-4c00-a486-f921758ab643,-0.49212320398126763,0.9460887949260042
26b2a8e8-e77e-40be-ae5c-82fbc67ec07c,-0.49212163937904124,0.9340277777777778
84d0917d-8b24-4fa5-b94f-9498dc04de1d,-0.49190727307174686,0.945031712473573
da0b3aa6-abcb-499d-b930-506bbd2b2e5c,-0.49175217091999024,0.9322916666666666
2e5b40df-215a-4737-922d-4b3dc7c77b71,-0.4916874027445426,0.9545454545454546
ddfcd9f7-4e51-4b69-a434-a28903b82a97,-0.49165310144003754,0.9526515151515151
06ac17af-1a80-47b6-968f-0406487ae622,-0.4916275238501322,0.9079754601226994
1b9a34a0-af26-41ec-8e94-fc8d2904af11,-0.4914825784332695,0.9439746300211417
8529a574-ef90-445b-adec-192a582d5d61,-0.4908106272645438,0.9507575757575758
4e2966f3-4265-49a8-a32c-cec3049fa5fd,-0.4907540843234095,0.9504373177842566
c8ed3006-cfdf-4a23-a547-0564658e8d5b,-0.49059515357324945,0.9102564102564102
08d70709-5cc0-45a7-b45e-e673ee678eee,-0.49055895094079904,0.9429175475687104
60b1886b-eda8-436c-bcb9-7c3e0f15193e,-0.4902834445377745,0.9488636363636364
b66707a4-b983-450d-adfc-2d2b8be8de9d,-0.4902398694146583,0.925343811394892
7ff77265-52b6-4c58-ac43-362d3482f697,-0.4900495103201935,0.946969696969697
56a3215e-aae2-4f33-a1f0-d837b4013a5c,-0.48996335360939625,0.9450757575757576
21466e6a-7d13-4baa-a238-c594fc62e2d6,-0.48982023876447506,0.9233791748526523
c2a9d731-e692-456d-a8d1-1922c901edd5,-0.4894272816086855,0.9418604651162791
67f438c3-5a03-4ba6-972c-a63646ec9d8f,-0.4893674397016454,0.9475218658892128
6b2a271c-a6aa-4b61-8a6c-33133482b5bb,-0.48924711052171554,0.946078431372549
801645c6-7e72-43ae-a26c-0a8a8d91c0be,-0.48907873683424874,0.9408033826638478
880bcf68-0f3b-45aa-88a3-c23255ac5c8f,-0.48896571033639735,0.9397463002114165
21eb2bfd-1233-4205-b2b3-b791ba7994f7,-0.48892110138389816,0.9422632794457275
9b13eab6-11bb-4b2c-bbfc-2616073726c7,-0.4888364058282339,0.9399538106235565
06e9a445-cdcb-47fd-9565-4d591fc4c732,-0.488724540873518,0.9376443418013857
c6c48582-688b-48bd-b1dd-5a9b40e6139e,-0.4885478468212749,0.9134615384615384
71312e39-97b6-489d-a4da-70ae28ee4ebc,-0.4884994493664353,0.9305555555555556
acabd54d-f116-4b21-a804-c6db193e6dc7,-0.488388618384636,0.9386892177589852
4ec86954-ac38-41ff-85b1-04398e10915c,-0.4880594202154785,0.9376321353065539
1a136ba3-dd02-4cc4-9970-b7e0c6356771,-0.48800753524864876,0.9487179487179487
73a6eedd-938a-4d91-ab7e-5bde83de816e,-0.48778833022225965,0.9214145383104125
a876e02d-b45e-4898-ad04-401132f1909f,-0.4877654929573353,0.916030534351145
672bc38a-98cf-400f-a8cc-6c1fd941465d,-0.487759455267971,0.9431818181818182
6ce0e3f0-c6c7-48c5-9c6b-c019f0e28f5e,-0.487739802368534,0.9038461538461539
4f295aa9-c638-4251-8748-be5647a39e71,-0.4877271439106907,0.9365750528541226
bca07186-ef16-4815-b6ea-f4d08265db7e,-0.4876796360170199,0.901840490797546
e147c12a-a542-44e5-89f9-6c0e3eab5290,-0.48720274336412644,0.9355179704016914
3fb08022-64bf-43a9-8fae-1eb9c4df4bc6,-0.4868122843101122,0.9194499017681729
0ec08155-04f0-412e-85e7-e92f1c37daee,-0.4865053688385908,0.9174852652259332
1dec6df9-8095-43eb-ad7d-b9ff8208e1f9,-0.48641206545212967,0.9083969465648855
a8d614df-984c-40f3-963c-c5027348cbe1,-0.48629709749431854,0.9461538461538461
92ea4beb-ec5c-4aaa-ae2c-a362edd85c94,-0.48624524709152067,0.9155206286836935
8e522e1f-00ec-4bae-a071-de6fee961007,-0.48605050512472736,0.9412878787878788
41c1502f-c119-4f29-b86e-2d6eecc712dc,-0.4859752173747133,0.9344608879492601
a9e3d439-ac29-4714-9578-215cb8145183,-0.48596963889943584,0.9334038054968288
6b9a41c8-b546-46b2-b170-671e70b32986,-0.48591327971202775,0.9435897435897436
7df45a0d-42c3-40a5-8ca8-9270dde76856,-0.48588617290907393,0.9323467230443975
70fe51e9-950b-4fdb-8276-0a0d4b3e6dca,-0.4858733632073294,0.9312896405919662
01b03480-bbe4-4d0b-8501-32f88bcb3fc8,-0.485508833279386,0.9393939393939394
9e7c3c62-0192-475a-9f07-496a2b4965a6,-0.48530036291663575,0.924
61d5fb81-b938-451f-853b-ea4714197ae5,-0.4852479900840448,0.941025641025641
195265ee-c854-4947-9f80-8be6711c0d18,-0.4851884056169825,0.9302325581395349
f33dffbc-dfc4-4b4a-9ebb-f17fff723ff2,-0.48510341928427686,0.9375
e8f7366f-e5dc-45d7-b39c-165edfc68723,-0.4850570226875143,0.9446064139941691
e3b75f30-1e35-469c-acf6-c5d33ce88e9c,-0.4849861565118452,0.9356060606060606
c54ef7e5-f65c-45cb-a8fc-5f77ad1feadb,-0.4847403992924468,0.9353348729792148
fd500eeb-5768-419f-9201-dafca3d25faa,-0.4847133320651788,0.9135559921414538
d85349e7-faef-40e7-bda6-2b47e99c0be9,-0.48470657505497344,0.9416909620991254
01450ddc-4ffc-47d6-b60f-5d1e79bbbefa,-0.4846683738685691,0.9291754756871036
f496411a-7906-413d-8a92-ae5668cf37ef,-0.48439242329877763,0.9288194444444444
53944810-a4b5-4406-bf08-9aa6493a084d,-0.4840610569942839,0.9411764705882353
1bf2a828-0483-4411-b361-5ce283f198a5,-0.48389110839261706,0.9387755102040817
b9aa91c4-56fb-4cf7-ac3b-83cbf34d950c,-0.48380870825991,0.92
fd996ffb-21c8-417c-b441-01490ce9b006,-0.4837346090239757,0.9384615384615385
ac95dda8-13e7-442e-8cb5-378402d22a16,-0.4836839467409536,0.9007633587786259
e7bf5846-3cd0-43f2-b68f-ed18b1a2bcf1,-0.48361857334850866,0.9337121212121212
cf7997e1-3496-41d5-a020-48f826d8711a,-0.4836132225788247,0.9318181818181819
799c0ce9-0d7e-41e3-a19f-0a93033de415,-0.4834925011932023,0.9281183932346723
39bcd146-0d71-4bbc-a7fd-602bd1cb56ee,-0.483282769075825,0.927061310782241
7b10a22c-aed5-4356-85bb-b59df74ba323,-0.4832408628152504,0.9358974358974359
e65b8e6a-4af9-4011-92b7-b3cf1df93705,-0.48316566842254416,0.916
6e6de39c-fbb3-4f2c-a15e-32d12315cdee,-0.48300021579524005,0.9362745098039216
03c16dd1-37af-4957-a413-10689e794f3d,-0.48293731039314297,0.9333333333333333
63cb6e8a-1cee-4718-92c4-ed2d769c1280,-0.482914911823775,0.9260042283298098
14acda00-9f1a-4213-8666-c21d8be65d8f,-0.48282507587132334,0.912
4f3ed6db-e642-4f50-9e2e-424a89bd6153,-0.48272708520415053,0.9307692307692308
2eb88701-b3a4-4be4-99c3-6cfbe12c6e17,-0.4826628450676311,0.9249471458773785
66ad56e0-68b5-4043-a862-6c7fdd5ac19e,-0.4826352289303993,0.9282051282051282
b019fd6e-8063-4534-bcb2-7bd9ffe45c53,-0.4826340543778073,0.9238900634249472
e9651d6f-c942-478f-8cf3-7e8556b45470,-0.482611060522693,0.9228329809725159
53345204-7b73-478d-bf12-f4f4ede506e9,-0.48241186602786734,0.9330254041570438
437e628a-9771-4639-972f-fa8a38720516,-0.4823068591300493,0.9217758985200846
42c15e65-d570-4139-a1f8-8bf5680664e2,-0.4821806448099459,0.935860058309038
d1677b05-9cd9-49cf-b48c-f24bd1a37b23,-0.48215403301548215,0.930715935334873
2b06d8d4-176b-43c2-ba69-62346d69ea2f,-0.48200443649408825,0.9329446064139941
b0289b30-8e13-4537-9b91-e36bda3b5228,-0.4819013923045219,0.9300291545189504
d51506ef-7910-4ce4-8a18-39f31ebe4aca,-0.4817009765553268,0.9207188160676533
75ac08f3-c557-4ae5-a145-a2ab61a3bf34,-0.4814366471448395,0.9115913555992141
02a5e541-0734-423f-b244-28b35cf58886,-0.48128579190594833,0.9256410256410257
c803b2e4-b94c-450e-9478-8229910261f8,-0.4811078979941037,0.9270833333333334
669e2c54-2e90-4e19-953e-04f6d2f61241,-0.4810705539177959,0.919661733615222
0e74421d-d24a-443c-b884-71a350ddef4f,-0.4809897465863088,0.9186046511627907
cdefe276-d595-4e3e-b0ae-8310c659a304,-0.4809024747795322,0.9096267190569745
ea0052bb-07cc-4d51-88fa-2367d5beb303,-0.48086066261612487,0.9299242424242424
a452678e-b7a1-4e30-8744-786cb7939392,-0.48084471256234823,0.9284064665127021
b6d4041a-b05b-45bc-b2d2-4c5e8f4955a2,-0.4808398178082443,0.9230769230769231
12c02102-8114-4466-ac4c-02a4666a1c63,-0.48074979472843576,0.9313725490196079
4ad3d1ac-ecee-4931-b05f-ea133f71bcc0,-0.4806623108980099,0.9076620825147348
55172303-4817-4b2e-af2a-55981eecac35,-0.48056813465432335,0.9271137026239067
c9d8cfdf-9534-490b-9b18-1b006acef122,-0.48055422156328204,0.9205128205128206
c288d5a3-1f10-48e1-98f9-49932139dab8,-0.4805100994926203,0.9175475687103594
42bb3cb1-fda3-46cd-9715-9c82436a26ab,-0.48048524068192255,0.9056974459724951
35a95535-a514-4f7c-b2bc-e98c73659de0,-0.480227287126098,0.908
0b5fe57f-35cb-4890-b862-a6f721db10b9,-0.48007274664333727,0.9164904862579282
e036f4dc-2c16-4aa7-b7bb-8c2fb233e141,-0.4798492513182379,0.9260969976905312
d1c11cdf-f9e2-43fb-ae28-980ec1449d5d,-0.4797833953402976,0.9253472222222222
4bfd925a-e2b7-4b68-a94a-e52e2973b7ca,-0.47961223328544245,0.928030303030303
6eb319ac-825b-47ba-a043-2ceaf6e0c9aa,-0.4795670636471548,0.9236111111111112
f3a512cb-b034-4f7e-bf20-d4fce9ee96e7,-0.47944584986037475,0.9154334038054969
33a87ffd-5bfa-468e-9701-9824b01d0ed0,-0.4794030895515382,0.921875
671c5a28-6914-4646-aa55-b1b5a29eaf2a,-0.4792939938533874,0.9179487179487179
95e6f182-57b4-4207-8b88-0b8925990cec,-0.4790302312219897,0.9143763213530656
b8bbc4e6-a7ab-4f08-88d6-d8b67a9ab815,-0.4790011788984891,0.9133192389006343
55a3cdb5-ba7a-4fa9-a928-ea614e09afbb,-0.47891973365982093,0.9261363636363636
59e4359e-0c5d-455c-be64-41d299b6ecce,-0.47881767206566767,0.9201388888888888
49299d71-7427-4df8-8fad-a74939ff77b0,-0.47866714447104697,0.912262156448203
29cc9e9d-38a1-4392-919c-e50a63978ab6,-0.4786142376695001,0.9153846153846154
ce585592-cdfe-4e54-b3c1-f681c73803f6,-0.4785487518453756,0.9112050739957717
015f94cb-d8b6-403b-831e-019fbeb4b3c5,-0.47846354985895095,0.9128205128205128
06faa056-84a2-4ba5-9817-1bb16930f038,-0.4781611191726309,0.9237875288683602
95575fbf-9f15-44ec-b35e-615e3add5b55,-0.478098182751952,0.9101479915433404
282abef4-2b22-4eac-8001-fc0a7ea67ecc,-0.47794292595726257,0.9214780600461894
a5038375-e20a-47e3-b613-7d040cdbe3e8,-0.47787110300340874,0.9264705882352942
a1362951-0629-47bd-ba25-300526c7f590,-0.4777171983373284,0.9090909090909091
e93fba4f-f600-418b-b7a9-00b72a0431a2,-0.4777065258434412,0.9080338266384778
8ddbdc57-ea90-4ee2-b404-5fd337210d36,-0.4776376513587856,0.9037328094302554
2bdae23e-c502-4146-b1ea-7393ee609432,-0.47741637806055803,0.9069767441860466
cc5c8d5f-3568-438f-a0d4-00b1325ede75,-0.4774045053112434,0.9059196617336153
10ca175c-ca50-4777-a08a-68ed34957484,-0.4773822776041899,0.9191685912240185
a8d0ca14-7f01-4bcd-89b2-497c21c1e40a,-0.47726904872621967,0.924198250728863
432d59d7-0631-4194-8deb-021eb63eceb4,-0.4770638140052674,0.9102564102564102
873cda56-394c-493c-a47a-a2f5caab9512,-0.4769255221891674,0.9076923076923077
1826d440-8b7e-48bb-aa12-833a2bb30409,-0.4768657336586706,0.9242424242424242
6441c128-5b27-4ae6-9177-fa0b8e15ac4d,-0.4768066721371424,0.904862579281184
2db5a85a-583a-4f15-9161-84d547ec0c71,-0.47677484932657604,0.9184027777777778
80e7bb29-7a02-454f-b3e3-e8c6ccc6e181,-0.4766414491174116,0.9051282051282051
8faa0a9a-1dce-4535-a104-83d36603803d,-0.4765765057943999,0.9168591224018476
72a1e5f9-9276-4eeb-9f82-4b4154e06ca4,-0.4764156477666608,0.9038054968287527
173ebf29-153a-4531-a1bd-3397fb78d858,-0.47617859695823933,0.9212827988338192
dd2bdd2e-d05b-41b3-b6de-7e340960b3de,-0.47616050490297857,0.9166666666666666
e59fa222-a52b-4880-802f-125f0211e515,-0.4760803472460832,0.9027484143763214
30d12aed-159b-4ca4-83bf-a898e8a3f064,-0.47600839650320964,0.9149305555555556
010dd3be-6a9f-4376-93e2-9af0caa72be3,-0.4759786179382646,0.9131944444444444
a39d92eb-4621-4f6b-bf63-a6cbf50b4f91,-0.4758043552207453,0.9145496535796767
3c4c8629-85ca-4eeb-be86-317b3a56c6b9,-0.4756746630786705,0.9122401847575058
f2cb49df-1aa8-455b-9556-42431dc12b87,-0.47548603997016003,0.9016913319238901
863eb762-e5e5-4c3c-be2a-374dd0b21415,-0.47538996177029447,0.9099307159353349
048ba612-604b-4bfb-8616-3f1b13cdb282,-0.47537889647325304,0.9017681728880157
7165ed6a-b337-4c6c-838a-bd981e306262,-0.4752869651595416,0.9006342494714588
336ab30e-efba-4662-9473-f349424079b3,-0.4750792142587907,0.9114583333333334
ae02b798-a0ea-44b3-bbd7-4f7ff6ab49fb,-0.47492231220257747,0.9025641025641026
d4736a75-7a58-41b4-b195-dd00b0aa2196,-0.47478570202131964,0.9223484848484849
08f038c4-6658-4d9b-9a96-ce952b36eed3,-0.4747822942621674,0.9204545454545454
3547e33c-c3e9-4929-a5d5-78a4672c4ac9,-0.47474501000139374,0.9097222222222222
562c6ab3-dfae-461a-ad98-30b70371587e,-0.4745843530909192,0.9185606060606061
738d87ad-cd10-462f-9afc-20fb3abab84b,-0.4745453027150622,0.9183673469387755
7d5d792d-aa70-471f-ae3e-60bd427ebb13,-0.4744295205039552,0.9076212471131639
5f934679-103e-46a4-a2b1-acbc273676ff,-0.4743898148966389,0.9053117782909931
376e281d-6eed-4c07-a767-8711707c237a,-0.4742867710517313,0.9079861111111112
fff86084-7973-485b-8410-86ded9130449,-0.4742064462577261,0.904
9be024f2-effa-49e5-a99b-f74e657694e2,-0.4741862605606839,0.9154518950437318
fa26d581-0f8d-4380-b29a-06158a3a96d9,-0.47408980712886595,0.9215686274509804
2cc597bc-2c86-400c-8321-0f3a3db5cae2,-0.4740803362626751,0.9166666666666666
7a4474fb-aead-4105-b71e-5d33796652d9,-0.47398413210003815,0.9
908bf849-0d7a-4541-8cbd-9020cd7b5196,-0.473882445718888,0.90625
60d91bee-c9ae-4636-a193-e1f597a2f3be,-0.473799046207442,0.9125364431486881
f3bd1b2f-7715-41a1-8eea-55450b1385ca,-0.4737304948717372,0.9030023094688222
fa9ceecd-f78e-49b3-9ed1-34b9726667cc,-0.4737005299315591,0.9147727272727273
eb1c08aa-2585-42d7-b590-c6681ece3b29,-0.4736114462246343,0.9166666666666666
491530de-33ee-431e-86f1-bff55d472f87,-0.4735537221842795,0.9
5dbc06ef-907e-43ea-930e-0b680821dcdc,-0.4735499449728948,0.9128787878787878
88847698-3370-467b-987c-0203c75f2b80,-0.4731940820573168,0.9045138888888888
31d9dbc9-a1e1-4ff9-9d14-e5d44589a2f6,-0.4730044566136844,0.9096209912536444
67ef7d41-6ad9-4102-8849-91dedd9e5cd4,-0.47199748979797634,0.9027777777777778
f06f0d40-dc4a-4894-a8d6-c7609f5df079,-0.47197956322139273,0.9109848484848485
9142f668-3c89-42d5-9d06-471a6a24b2c1,-0.4719176043742622,0.9067055393586005
c7e7313b-6210-4065-917e-5cad6b932e2f,-0.471735514287598,0.9010416666666666
4e0a677e-4186-4a73-a6ec-f6087faa8e07,-0.47149624175881266,0.9006928406466512
353d4df7-d4ef-48db-9bde-e4cf23acec21,-0.47093403404948164,0.9090909090909091
e9aa830d-3861-4382-b199-8b4a4198d2ba,-0.4708018629567843,0.9117647058823529
94f347da-ea58-4253-879d-b700aee0bee2,-0.4707438273893211,0.9071969696969697
42171c3e-aca9-4ba0-ba76-8a5277776ebd,-0.47064381670144906,0.9053030303030303
096c08a2-51a4-4f7c-9b91-f483aa6fafdd,-0.4706100397733191,0.9037900874635568
d3e45aad-84ae-4309-ade9-b05e872f6056,-0.4705675737442771,0.9068627450980392
bb941f88-be42-44e0-80d7-86a2b8a08df7,-0.47015629237175693,0.9008746355685131
f8254404-23e8-42c1-bf2b-54e295e00172,-0.46974685416025846,0.9034090909090909
9c3d1f01-0a46-4d2b-bc85-32fd7b49f50d,-0.4697165758749123,0.9015151515151515
c6f43525-0e54-4b05-b1a5-80cc3e814ce9,-0.4696360068726144,0.9019607843137255
